n_conditions,sg_mean,sg_cardinality,sg_rule,best_rule,best_rule_idx,f1,precision,recall,seed,runtime
1,467.6940495618115,48384,TenuredGenerationSizeSupplementDecay = 8,8.0 <= TenuredGenerationSizeSupplementDecay < 16.0  AND  0.0 <= TenuredGenerationSizeSupplement_90 < 1.0  AND  NewRatio >= 8.0  AND  0.0 <= UseAdaptiveGCBoundary < 1.0,3,0.2857142857142857,1.0,0.1666666666666666,0,6795.887017965317
2,481.4173951699917,24192,MinSurvivorRatio = 1 AND UseAdaptiveSizeDecayMajorGCCost = 1,MinSurvivorRatio < 4.0  AND  UseAdaptiveSizeDecayMajorGCCost >= 1.0  AND  NewRatio >= 3.0,3,0.8,1.0,0.6666666666666666,0,6682.428752660751
1,201.03696832197247,32256,NewRatio = 16,12.0 <= NewRatio < 32.0  AND  SurvivorRatio < 13.5,4,0.6,1.0,0.4285714285714285,1,5877.838672876358
2,349.0008403589141,24192,MinSurvivorRatio = 10 AND UseAdaptiveSizePolicy = 1,MinSurvivorRatio >= 10.0  AND  UseAdaptiveSizePolicy >= 1.0  AND  0.0 <= TenuredGenerationSizeSupplement_50 < 0.5,3,0.8,1.0,0.6666666666666666,1,7697.794112920761
1,203.7309992343452,32256,NewRatio = 16,16.0 <= NewRatio < 32.0  AND  SurvivorRatio >= 6.0  AND  0.0 <= TenuredGenerationSizeSupplement_90 < 0.5,4,0.7272727272727273,1.0,0.5714285714285714,10,5303.868216276169
2,61.66309804929261,32256,TenuredGenerationSizeSupplement_50 = 1 AND UseAdaptiveSizeDecayMajorGCCost = 1,TenuredGenerationSizeSupplement_50 >= 0.5  AND  UseAdaptiveSizeDecayMajorGCCost >= 1.0  AND  MinSurvivorRatio < 10.0  AND  TenuredGenerationSizeSupplementDecay < 8.0,4,0.5454545454545454,1.0,0.375,10,8884.106529712677
1,321.9474388821081,32256,NewRatio = 1,NewRatio < 2.0  AND  TenuredGenerationSizeSupplement_90 >= 0.5,4,0.5,1.0,0.3333333333333333,11,5777.74130821228
2,397.9035032810351,32256,TenuredGenerationSizeSupplement_50 = 1 AND UseAdaptiveSizePolicyFootprintGoal = 1,TenuredGenerationSizeSupplement_50 >= 1.0  AND  UseAdaptiveSizePolicyFootprintGoal >= 1.0  AND  11.0 <= SurvivorRatio < 31.0  AND  MaxTenuringThreshold < 12.5  AND  MinSurvivorRatio < 10.0,2,0.4444444444444445,1.0,0.2857142857142857,11,7930.292617082596
1,329.7822857651407,48384,MinSurvivorRatio = 4,4.0 <= MinSurvivorRatio < 7.0  AND  TenuredGenerationSizeSupplementDecay < 8.0  AND  MaxTenuringThreshold < 10.0  AND  SurvivorRatio >= 3.5,2,0.25,1.0,0.1428571428571428,12,6803.549071073532
2,360.7564834052075,10752,MaxTenuringThreshold = 15 AND NewRatio = 2,MaxTenuringThreshold >= 12.5  AND  2.0 <= NewRatio < 3.0,1,1.0,1.0,1.0,12,6507.58126950264
1,44.599392035681326,48384,TenuredGenerationSizeSupplementDecay = 8,8.0 <= TenuredGenerationSizeSupplementDecay < 16.0  AND  0.0 <= UseAdaptiveSizePolicyFootprintGoal < 1.0  AND  MaxTenuringThreshold >= 10.0  AND  MinSurvivorRatio < 10.0  AND  0.0 <= TenuredGenerationSizeSupplement_50 < 0.5,4,0.2857142857142857,1.0,0.1666666666666666,13,6701.692779541016
2,340.4080689895868,16128,NewRatio = 16 AND UseAdaptiveSizeDecayMajorGCCost = 1,12.0 <= NewRatio < 32.0  AND  UseAdaptiveSizeDecayMajorGCCost >= 1.0,2,1.0,1.0,1.0,13,6848.9059228897095
1,97.51866179887443,48384,TenuredGenerationSizeSupplementDecay = 8,8.0 <= TenuredGenerationSizeSupplementDecay < 16.0  AND  MaxTenuringThreshold >= 7.5  AND  UseAdaptiveSizePolicyFootprintGoal >= 1.0  AND  SurvivorRatio < 18.5,3,0.32,1.0,0.1904761904761904,14,7095.928530216217
1,170.05726018667798,27648,SurvivorRatio = 26,26.0 <= SurvivorRatio < 31.0  AND  NewRatio >= 8.0,3,0.6666666666666666,1.0,0.5,15,4858.943505048752
2,287.226673616966,32256,DisableExplicitGC = 1 AND TenuredGenerationSizeSupplement_70 = 1,TenuredGenerationSizeSupplement_70 >= 0.5  AND  DisableExplicitGC >= 1.0  AND  0.0 <= UseAdaptiveSizeDecayMajorGCCost < 1.0  AND  MinSurvivorRatio >= 7.0,3,0.4,1.0,0.25,15,8253.177358150482
1,340.3610266106916,48384,TenuredGenerationSizeSupplementDecay = 4,TenuredGenerationSizeSupplement_50 >= 0.5  AND  4.0 <= TenuredGenerationSizeSupplementDecay < 8.0  AND  MinSurvivorRatio >= 4.0  AND  NewRatio < 32.0,3,0.3448275862068966,1.0,0.2083333333333333,16,7025.7724609375
2,390.36737906708026,16128,NewRatio = 32 AND UseAdaptiveSizePolicy = 1,NewRatio >= 32.0  AND  UseAdaptiveSizePolicy >= 1.0,2,1.0,1.0,1.0,16,6132.827077865601
1,184.15003288160537,32256,NewRatio = 2,2.0 <= NewRatio < 3.0  AND  0.0 <= TenuredGenerationSizeSupplement_90 < 1.0  AND  0.0 <= UseAdaptiveGCBoundary < 1.0,4,0.5,1.0,0.3333333333333333,17,5870.223721265793
1,120.64560445927542,32256,NewRatio = 1,NewRatio < 2.0  AND  SurvivorRatio >= 3.5  AND  0.0 <= UseAdaptiveSizeDecayMajorGCCost < 1.0,4,0.6,1.0,0.4285714285714285,18,5436.823134183884
2,309.189481745826,32256,TenuredGenerationSizeSupplement_70 = 1 AND UseAdaptiveSizePolicyFootprintGoal = 1,TenuredGenerationSizeSupplement_70 >= 1.0  AND  UseAdaptiveSizePolicyFootprintGoal >= 1.0  AND  MaxTenuringThreshold < 12.5  AND  TenuredGenerationSizeSupplementDecay < 16.0  AND  MinSurvivorRatio < 10.0,3,0.5454545454545454,1.0,0.375,18,8487.141261339188
1,301.56379267522635,48384,TenuredGenerationSizeSupplementDecay = 2,TenuredGenerationSizeSupplementDecay < 4.0  AND  UseAdaptiveSizePolicyFootprintGoal >= 1.0  AND  0.0 <= UseAdaptiveGCBoundary < 1.0  AND  MaxTenuringThreshold >= 7.5,4,0.2857142857142857,1.0,0.1666666666666666,19,6912.432603597641
2,474.5162840646978,16128,MinSurvivorRatio = 4 AND TenuredGenerationSizeSupplement_70 = 1,4.0 <= MinSurvivorRatio < 7.0  AND  TenuredGenerationSizeSupplement_70 >= 0.5  AND  UseAdaptiveGCBoundary >= 1.0,1,0.6666666666666666,1.0,0.5,19,6690.387807369232
1,90.40204788053325,27648,SurvivorRatio = 1,SurvivorRatio < 3.5,4,1.0,1.0,1.0,2,4501.1517107486725
2,288.18118937734295,16128,NewRatio = 4 AND UseAdaptiveSizeDecayMajorGCCost = 1,3.0 <= NewRatio < 8.0  AND  UseAdaptiveSizeDecayMajorGCCost >= 1.0,2,1.0,1.0,1.0,2,6333.647022724152
1,323.5876587058312,32256,NewRatio = 16,12.0 <= NewRatio < 32.0  AND  0.0 <= TenuredGenerationSizeSupplement_70 < 0.5,4,0.8,1.0,0.6666666666666666,20,6021.486637592316
1,171.75100703163304,48384,TenuredGenerationSizeSupplementDecay = 2,TenuredGenerationSizeSupplementDecay < 4.0  AND  NewRatio < 16.0  AND  SurvivorRatio < 8.5,4,0.32,1.0,0.1904761904761904,21,6562.278914451599
2,304.85556945297765,13824,SurvivorRatio = 11 AND UseAdaptiveSizePolicy = 1,11.0 <= SurvivorRatio < 13.5  AND  MaxTenuringThreshold >= 7.5  AND  UseAdaptiveSizePolicy >= 1.0,1,0.8,1.0,0.6666666666666666,21,5182.453404903412
1,39.53276190445055,32256,NewRatio = 16,16.0 <= NewRatio < 32.0  AND  0.0 <= TenuredGenerationSizeSupplement_90 < 0.5  AND  3.5 <= SurvivorRatio < 23.5,3,0.5517241379310345,1.0,0.3809523809523809,22,5749.081564664841
1,367.8252236470651,48384,MinSurvivorRatio = 1,MinSurvivorRatio < 4.0  AND  TenuredGenerationSizeSupplementDecay < 16.0  AND  UseAdaptiveSizePolicy >= 1.0  AND  NewRatio >= 8.0,4,0.3157894736842105,1.0,0.1875,23,6783.006109714508
1,40.64427555881427,48384,TenuredGenerationSizeSupplementDecay = 4,4.0 <= TenuredGenerationSizeSupplementDecay < 8.0  AND  12.0 <= NewRatio < 32.0,4,0.2857142857142857,1.0,0.1666666666666666,24,7315.028990268707
1,254.44850437143955,32256,NewRatio = 4,3.0 <= NewRatio < 8.0  AND  UseAdaptiveGCBoundary >= 1.0,4,0.6666666666666666,1.0,0.5,25,5791.812042474747
1,414.10501528552186,48384,TenuredGenerationSizeSupplementDecay = 8,8.0 <= TenuredGenerationSizeSupplementDecay < 16.0  AND  0.0 <= DisableExplicitGC < 1.0  AND  NewRatio < 3.0,3,0.2857142857142857,1.0,0.1666666666666666,26,6982.162697553635
1,407.6166598610749,48384,TenuredGenerationSizeSupplementDecay = 4,MinSurvivorRatio < 7.0  AND  4.0 <= TenuredGenerationSizeSupplementDecay < 8.0  AND  UseAdaptiveSizePolicyFootprintGoal >= 1.0  AND  SurvivorRatio >= 6.0  AND  NewRatio >= 2.0,4,0.303030303030303,1.0,0.1785714285714285,27,7472.625024318695
1,442.1073612657661,48384,MinSurvivorRatio = 4,4.0 <= MinSurvivorRatio < 7.0  AND  UseAdaptiveSizePolicyFootprintGoal >= 1.0  AND  0.0 <= TenuredGenerationSizeSupplement_50 < 0.5  AND  NewRatio < 32.0  AND  MaxTenuringThreshold >= 7.5,4,0.3125,1.0,0.1851851851851851,28,6654.208412647247
2,204.32908296210977,13824,SurvivorRatio = 21 AND UseAdaptiveGCBoundary = 1,18.5 <= SurvivorRatio < 23.5  AND  UseAdaptiveGCBoundary >= 1.0  AND  MinSurvivorRatio >= 4.0  AND  MaxTenuringThreshold < 12.5,1,0.6666666666666666,1.0,0.5,28,5788.286149978638
1,436.24889503906064,48384,MinSurvivorRatio = 10,MinSurvivorRatio >= 10.0  AND  NewRatio >= 8.0  AND  MaxTenuringThreshold >= 10.0  AND  DisableExplicitGC >= 1.0,4,0.2857142857142857,1.0,0.1666666666666666,29,6852.324889659882
1,388.9915019049535,48384,MinSurvivorRatio = 1,TenuredGenerationSizeSupplementDecay < 8.0  AND  MinSurvivorRatio < 4.0  AND  NewRatio >= 8.0  AND  SurvivorRatio < 28.5,4,0.3529411764705882,1.0,0.2142857142857142,3,6296.267649412155
2,420.3040164525344,24192,TenuredGenerationSizeSupplementDecay = 4 AND UseAdaptiveSizeDecayMajorGCCost = 1,4.0 <= TenuredGenerationSizeSupplementDecay < 8.0  AND  UseAdaptiveSizeDecayMajorGCCost >= 1.0  AND  MinSurvivorRatio >= 7.0  AND  SurvivorRatio < 28.5,3,0.6,1.0,0.4285714285714285,3,7410.486041307449
1,350.0379048678079,27648,SurvivorRatio = 26,26.0 <= SurvivorRatio < 28.5  AND  UseAdaptiveSizePolicy >= 1.0,4,0.6666666666666666,1.0,0.5,30,4689.956912755966
2,289.941735908911,32256,MaxTenuringThreshold = 5 AND UseAdaptiveSizePolicyFootprintGoal = 1,MaxTenuringThreshold < 7.5  AND  UseAdaptiveSizePolicyFootprintGoal >= 1.0  AND  SurvivorRatio < 18.5  AND  TenuredGenerationSizeSupplementDecay < 8.0,2,0.4444444444444445,1.0,0.2857142857142857,30,7576.54903626442
1,409.60971255417167,27648,SurvivorRatio = 31,SurvivorRatio >= 28.5,4,1.0,1.0,1.0,31,4700.935480833054
2,165.5279180981875,48384,UseAdaptiveGCBoundary = 1 AND UseAdaptiveSizeDecayMajorGCCost = 1,UseAdaptiveGCBoundary >= 1.0  AND  UseAdaptiveSizeDecayMajorGCCost >= 1.0  AND  0.0 <= UseAdaptiveSizePolicyFootprintGoal < 1.0  AND  DisableExplicitGC >= 1.0  AND  0.0 <= TenuredGenerationSizeSupplement_90 < 0.5,4,0.2857142857142857,1.0,0.1666666666666666,31,9964.006088256836
1,122.24226288847676,27648,SurvivorRatio = 31,SurvivorRatio >= 28.5,4,1.0,1.0,1.0,32,4804.09344625473
2,251.16223641140775,16128,NewRatio = 16 AND UseAdaptiveGCBoundary = 1,12.0 <= NewRatio < 32.0  AND  UseAdaptiveGCBoundary >= 1.0,2,1.0,1.0,1.0,32,6622.303601980209
1,329.340832353165,48384,TenuredGenerationSizeSupplementDecay = 8,8.0 <= TenuredGenerationSizeSupplementDecay < 16.0  AND  0.0 <= TenuredGenerationSizeSupplement_90 < 0.5  AND  0.0 <= UseAdaptiveSizePolicyFootprintGoal < 1.0  AND  0.0 <= UseAdaptiveSizePolicy < 1.0,3,0.2857142857142857,1.0,0.1666666666666666,33,7464.084718942642
2,300.0843946981238,24192,TenuredGenerationSizeSupplementDecay = 8 AND UseAdaptiveSizeDecayMajorGCCost = 1,8.0 <= TenuredGenerationSizeSupplementDecay < 16.0  AND  UseAdaptiveSizeDecayMajorGCCost >= 1.0  AND  NewRatio >= 3.0,3,0.8,1.0,0.6666666666666666,33,7371.519319534302
1,390.5484474441853,48384,MinSurvivorRatio = 7,7.0 <= MinSurvivorRatio < 10.0  AND  NewRatio < 32.0  AND  7.5 <= MaxTenuringThreshold < 12.5  AND  0.0 <= TenuredGenerationSizeSupplement_50 < 0.5,3,0.3125,1.0,0.1851851851851851,34,7011.512577056885
2,309.3356570183091,16128,MaxTenuringThreshold = 10 AND MinSurvivorRatio = 1,10.0 <= MaxTenuringThreshold < 12.5  AND  MinSurvivorRatio < 4.0  AND  0.0 <= TenuredGenerationSizeSupplement_70 < 1.0  AND  TenuredGenerationSizeSupplementDecay >= 4.0,1,0.6666666666666666,1.0,0.5,34,6776.259642124176
1,128.32750816469778,48384,MinSurvivorRatio = 10,MinSurvivorRatio >= 10.0  AND  DisableExplicitGC >= 1.0  AND  UseAdaptiveSizeDecayMajorGCCost >= 1.0  AND  0.0 <= TenuredGenerationSizeSupplement_70 < 0.5,3,0.2857142857142857,1.0,0.1666666666666666,35,7198.085112333298
2,168.4846161300124,16128,NewRatio = 4 AND UseAdaptiveSizeDecayMajorGCCost = 1,3.0 <= NewRatio < 8.0  AND  UseAdaptiveSizeDecayMajorGCCost >= 1.0,2,1.0,1.0,1.0,35,7367.9597952365875
1,244.7875315441068,48384,MinSurvivorRatio = 7,0.0 <= UseAdaptiveSizePolicyFootprintGoal < 1.0  AND  7.0 <= MinSurvivorRatio < 10.0  AND  NewRatio >= 3.0  AND  MaxTenuringThreshold < 15.0  AND  TenuredGenerationSizeSupplementDecay >= 4.0,3,0.2857142857142857,1.0,0.1666666666666666,36,7215.342114448547
2,44.37050863276524,32256,MaxTenuringThreshold = 10 AND UseAdaptiveGCBoundary = 1,7.5 <= MaxTenuringThreshold < 15.0  AND  UseAdaptiveGCBoundary >= 1.0  AND  0.0 <= TenuredGenerationSizeSupplement_50 < 0.5  AND  NewRatio >= 8.0  AND  TenuredGenerationSizeSupplementDecay < 16.0,2,0.4,1.0,0.25,36,7335.807999849319
1,110.9513239784089,27648,SurvivorRatio = 26,23.5 <= SurvivorRatio < 28.5,4,1.0,1.0,1.0,37,4627.163253068924
2,172.16781423631923,48384,DisableExplicitGC = 1 AND UseAdaptiveGCBoundary = 1,DisableExplicitGC >= 1.0  AND  UseAdaptiveGCBoundary >= 1.0  AND  TenuredGenerationSizeSupplementDecay < 8.0  AND  MinSurvivorRatio >= 7.0  AND  SurvivorRatio >= 3.5,4,0.3529411764705882,1.0,0.2142857142857142,37,9430.601186275482
1,257.21176471292745,48384,TenuredGenerationSizeSupplementDecay = 2,TenuredGenerationSizeSupplementDecay < 4.0  AND  SurvivorRatio < 13.5  AND  0.0 <= UseAdaptiveGCBoundary < 1.0  AND  MinSurvivorRatio < 10.0,4,0.2769230769230769,1.0,0.1607142857142857,38,6358.595695972443
2,296.62345231847473,24192,TenuredGenerationSizeSupplementDecay = 8 AND UseAdaptiveSizePolicyFootprintGoal = 1,8.0 <= TenuredGenerationSizeSupplementDecay < 16.0  AND  UseAdaptiveSizePolicyFootprintGoal >= 1.0  AND  NewRatio >= 2.0  AND  SurvivorRatio >= 8.5,3,0.7462686567164178,1.0,0.5952380952380952,38,7506.995237827301
1,471.1349711064771,48384,TenuredGenerationSizeSupplementDecay = 2,TenuredGenerationSizeSupplementDecay < 4.0  AND  DisableExplicitGC >= 1.0  AND  NewRatio >= 4.0  AND  MinSurvivorRatio >= 4.0,4,0.4,1.0,0.25,39,6464.133453845978
1,462.2816547397517,32256,NewRatio = 32,NewRatio >= 32.0  AND  SurvivorRatio < 18.5,4,0.7272727272727273,1.0,0.5714285714285714,4,5769.670219659805
2,244.61822114016047,32256,DisableExplicitGC = 1 AND TenuredGenerationSizeSupplement_50 = 1,TenuredGenerationSizeSupplement_50 >= 1.0  AND  DisableExplicitGC >= 1.0  AND  TenuredGenerationSizeSupplementDecay < 4.0,3,0.4,1.0,0.25,4,8237.843977212906
1,302.77583576239385,27648,SurvivorRatio = 1,SurvivorRatio < 3.5,4,1.0,1.0,1.0,40,4700.398303031921
2,320.3775750344562,13824,SurvivorRatio = 6 AND UseAdaptiveSizePolicyFootprintGoal = 1,3.5 <= SurvivorRatio < 11.0  AND  UseAdaptiveSizePolicyFootprintGoal >= 1.0  AND  TenuredGenerationSizeSupplementDecay >= 4.0,1,0.8571428571428571,1.0,0.75,40,5540.691009759903
1,313.5522118217007,27648,SurvivorRatio = 11,11.0 <= SurvivorRatio < 16.0  AND  NewRatio < 12.0  AND  MinSurvivorRatio < 10.0,3,0.6666666666666666,1.0,0.5,41,4767.177859783173
2,327.6130274823602,24192,TenuredGenerationSizeSupplementDecay = 16 AND UseAdaptiveSizePolicyFootprintGoal = 1,TenuredGenerationSizeSupplementDecay >= 16.0  AND  UseAdaptiveSizePolicyFootprintGoal >= 1.0  AND  0.0 <= TenuredGenerationSizeSupplement_90 < 0.5  AND  MinSurvivorRatio < 10.0,3,0.6666666666666666,1.0,0.5,41,7731.650572061539
1,75.01172998408778,48384,TenuredGenerationSizeSupplementDecay = 8,8.0 <= TenuredGenerationSizeSupplementDecay < 16.0  AND  UseAdaptiveSizePolicyFootprintGoal >= 1.0  AND  TenuredGenerationSizeSupplement_70 >= 0.5,4,0.2857142857142857,1.0,0.1666666666666666,42,7482.764916181564
2,122.17476366255768,13824,SurvivorRatio = 6 AND UseAdaptiveSizePolicy = 1,3.5 <= SurvivorRatio < 8.5  AND  UseAdaptiveSizePolicy >= 1.0  AND  MaxTenuringThreshold < 12.5,1,0.8,1.0,0.6666666666666666,42,7168.481495380402
1,217.99885746928197,48384,TenuredGenerationSizeSupplementDecay = 8,8.0 <= TenuredGenerationSizeSupplementDecay < 16.0  AND  0.0 <= TenuredGenerationSizeSupplement_50 < 0.5  AND  SurvivorRatio < 16.0  AND  0.0 <= UseAdaptiveGCBoundary < 1.0,0,0.25,1.0,0.1428571428571428,43,6976.024890422821
2,372.244748605703,24192,TenuredGenerationSizeSupplementDecay = 4 AND UseAdaptiveSizeDecayMajorGCCost = 1,4.0 <= TenuredGenerationSizeSupplementDecay < 8.0  AND  UseAdaptiveSizeDecayMajorGCCost >= 1.0  AND  0.0 <= UseAdaptiveSizePolicyFootprintGoal < 1.0  AND  NewRatio >= 2.0,3,0.5882352941176471,1.0,0.4166666666666667,43,7461.128692150116
1,76.20848930294888,48384,TenuredGenerationSizeSupplementDecay = 16,TenuredGenerationSizeSupplementDecay >= 16.0  AND  0.0 <= UseAdaptiveSizePolicyFootprintGoal < 1.0  AND  2.0 <= NewRatio < 32.0  AND  0.0 <= TenuredGenerationSizeSupplement_50 < 0.5,4,0.3636363636363636,1.0,0.2222222222222222,44,6973.484067440033
2,213.23278569283696,13824,DisableExplicitGC = 1 AND SurvivorRatio = 26,26.0 <= SurvivorRatio < 31.0  AND  DisableExplicitGC >= 1.0  AND  MinSurvivorRatio >= 4.0,1,0.8571428571428571,1.0,0.75,44,6062.587256908417
1,464.2929627268144,48384,MinSurvivorRatio = 10,SurvivorRatio < 18.5  AND  MinSurvivorRatio >= 10.0  AND  TenuredGenerationSizeSupplementDecay < 8.0  AND  NewRatio < 32.0,4,0.3846153846153846,1.0,0.238095238095238,45,6646.088187932968
1,199.9500768286541,48384,TenuredGenerationSizeSupplementDecay = 8,8.0 <= TenuredGenerationSizeSupplementDecay < 16.0  AND  MaxTenuringThreshold < 7.5  AND  SurvivorRatio < 18.5  AND  NewRatio >= 2.0,3,0.273972602739726,1.0,0.1587301587301587,46,6535.75149846077
2,459.2911591234445,16128,NewRatio = 1 AND UseAdaptiveSizeDecayMajorGCCost = 1,NewRatio < 2.0  AND  UseAdaptiveSizeDecayMajorGCCost >= 1.0,2,1.0,1.0,1.0,46,6470.638403177261
1,265.61258175408227,32256,NewRatio = 1,NewRatio < 2.0  AND  UseAdaptiveGCBoundary >= 1.0  AND  SurvivorRatio < 28.5,3,0.6,1.0,0.4285714285714285,47,5542.262962341309
2,194.9793380841135,13824,SurvivorRatio = 26 AND UseAdaptiveSizePolicyFootprintGoal = 1,26.0 <= SurvivorRatio < 31.0  AND  TenuredGenerationSizeSupplementDecay >= 4.0  AND  UseAdaptiveSizePolicyFootprintGoal >= 1.0,1,0.8571428571428571,1.0,0.75,47,7006.324733495712
1,388.9421161244607,48384,TenuredGenerationSizeSupplementDecay = 16,0.0 <= TenuredGenerationSizeSupplement_90 < 1.0  AND  TenuredGenerationSizeSupplementDecay >= 16.0  AND  UseAdaptiveSizeDecayMajorGCCost >= 1.0  AND  NewRatio < 32.0,4,0.4347826086956522,1.0,0.2777777777777778,48,7259.767141103744
2,199.06115470564055,24192,TenuredGenerationSizeSupplementDecay = 2 AND UseAdaptiveGCBoundary = 1,TenuredGenerationSizeSupplementDecay < 4.0  AND  UseAdaptiveGCBoundary >= 1.0  AND  SurvivorRatio >= 3.5,3,0.923076923076923,1.0,0.8571428571428571,48,7058.8302364349365
1,226.0223421859565,32256,NewRatio = 1,NewRatio < 2.0  AND  TenuredGenerationSizeSupplementDecay < 16.0  AND  SurvivorRatio < 26.0  AND  MaxTenuringThreshold < 12.5,3,0.5263157894736842,1.0,0.3571428571428571,49,5429.801711559296
2,429.6973909492455,24192,TenuredGenerationSizeSupplementDecay = 8 AND UseAdaptiveGCBoundary = 1,8.0 <= TenuredGenerationSizeSupplementDecay < 16.0  AND  UseAdaptiveGCBoundary >= 1.0  AND  0.0 <= TenuredGenerationSizeSupplement_70 < 0.5,3,0.8,1.0,0.6666666666666666,49,7254.299918889999
1,401.4888314228871,48384,MinSurvivorRatio = 10,MinSurvivorRatio >= 10.0  AND  0.0 <= TenuredGenerationSizeSupplement_50 < 0.5  AND  NewRatio < 8.0  AND  0.0 <= UseAdaptiveSizePolicy < 1.0,3,0.2857142857142857,1.0,0.1666666666666666,5,7259.834993362427
1,263.43875587927323,32256,NewRatio = 8,8.0 <= NewRatio < 12.0  AND  TenuredGenerationSizeSupplementDecay < 8.0,4,0.6666666666666666,1.0,0.5,50,5519.331259012222
2,461.2450263050326,32256,TenuredGenerationSizeSupplement_70 = 1 AND UseAdaptiveSizePolicyFootprintGoal = 1,TenuredGenerationSizeSupplement_70 >= 1.0  AND  UseAdaptiveSizePolicyFootprintGoal >= 1.0  AND  MinSurvivorRatio >= 7.0  AND  UseAdaptiveSizePolicy >= 1.0,3,0.4,1.0,0.25,50,8711.53279542923
1,462.2927690812769,32256,NewRatio = 32,NewRatio >= 32.0  AND  TenuredGenerationSizeSupplementDecay >= 8.0,4,0.6666666666666666,1.0,0.5,51,5932.799260616303
1,83.8432494425558,48384,MinSurvivorRatio = 1,MinSurvivorRatio < 4.0  AND  NewRatio < 3.0  AND  MaxTenuringThreshold < 12.5,4,0.3636363636363636,1.0,0.2222222222222222,52,7401.185014009476
1,252.2120070070071,32256,NewRatio = 32,NewRatio >= 32.0  AND  0.0 <= TenuredGenerationSizeSupplement_90 < 1.0  AND  SurvivorRatio >= 13.5,4,0.5517241379310345,1.0,0.3809523809523809,53,6049.246936559677
2,93.01729390088089,32256,DisableExplicitGC = 1 AND MaxTenuringThreshold = 10,7.5 <= MaxTenuringThreshold < 12.5  AND  DisableExplicitGC >= 1.0  AND  TenuredGenerationSizeSupplementDecay < 16.0  AND  MinSurvivorRatio >= 4.0  AND  NewRatio >= 3.0,3,0.5454545454545454,1.0,0.375,53,8282.056129932404
1,219.26035059405535,32256,NewRatio = 2,2.0 <= NewRatio < 3.0  AND  TenuredGenerationSizeSupplementDecay < 8.0,4,0.6666666666666666,1.0,0.5,54,5715.582892656326
2,313.6906235116666,32256,TenuredGenerationSizeSupplement_90 = 1 AND UseAdaptiveSizePolicy = 1,UseAdaptiveSizePolicy >= 1.0  AND  TenuredGenerationSizeSupplement_90 >= 1.0  AND  NewRatio < 16.0  AND  3.5 <= SurvivorRatio < 18.5,2,0.4444444444444445,1.0,0.2857142857142857,54,7652.181977748871
1,129.38184179978913,48384,MinSurvivorRatio = 7,7.0 <= MinSurvivorRatio < 10.0  AND  0.0 <= UseAdaptiveGCBoundary < 1.0  AND  UseAdaptiveSizeDecayMajorGCCost >= 1.0,4,0.4,1.0,0.25,55,7293.881903648376
2,405.5954026436756,16128,NewRatio = 1 AND UseAdaptiveGCBoundary = 1,NewRatio < 2.0  AND  UseAdaptiveGCBoundary >= 1.0,2,1.0,1.0,1.0,55,6746.811736345291
1,89.28200419077491,48384,TenuredGenerationSizeSupplementDecay = 16,TenuredGenerationSizeSupplementDecay >= 16.0  AND  DisableExplicitGC >= 1.0  AND  NewRatio < 8.0  AND  SurvivorRatio < 23.5,3,0.303030303030303,1.0,0.1785714285714285,56,6885.774077177048
1,138.24432773638887,27648,SurvivorRatio = 11,8.5 <= SurvivorRatio < 13.5,4,1.0,1.0,1.0,57,4891.148684501648
2,320.30129358405185,13824,DisableExplicitGC = 1 AND SurvivorRatio = 11,11.0 <= SurvivorRatio < 13.5  AND  DisableExplicitGC >= 1.0  AND  TenuredGenerationSizeSupplementDecay < 16.0  AND  MaxTenuringThreshold < 12.5,1,0.6666666666666666,1.0,0.5,57,5313.065561771393
1,433.8335590214881,48384,MinSurvivorRatio = 10,MinSurvivorRatio >= 10.0  AND  UseAdaptiveGCBoundary >= 1.0  AND  0.0 <= DisableExplicitGC < 1.0  AND  NewRatio < 12.0,4,0.2857142857142857,1.0,0.1666666666666666,58,7173.945211648941
1,200.2802281278356,48384,MinSurvivorRatio = 1,MinSurvivorRatio < 4.0  AND  SurvivorRatio >= 21.0  AND  UseAdaptiveSizePolicy >= 1.0,4,0.3529411764705882,1.0,0.2142857142857142,59,6838.430939674377
1,254.0722526588082,48384,TenuredGenerationSizeSupplementDecay = 8,8.0 <= TenuredGenerationSizeSupplementDecay < 16.0  AND  UseAdaptiveSizePolicy >= 1.0  AND  0.0 <= UseAdaptiveSizePolicyFootprintGoal < 1.0  AND  NewRatio < 32.0,4,0.3448275862068966,1.0,0.2083333333333333,6,6638.879428625107
1,78.15394129768742,32256,NewRatio = 4,MaxTenuringThreshold >= 10.0  AND  4.0 <= NewRatio < 8.0  AND  0.0 <= TenuredGenerationSizeSupplement_50 < 0.5,4,0.6153846153846153,1.0,0.4444444444444444,60,6261.552834510803
2,270.5300294711529,13824,SurvivorRatio = 21 AND UseAdaptiveSizePolicy = 1,18.5 <= SurvivorRatio < 23.5  AND  UseAdaptiveSizePolicy >= 1.0  AND  0.0 <= TenuredGenerationSizeSupplement_70 < 0.5,1,0.8,1.0,0.6666666666666666,60,5680.799487352371
1,345.6660198360473,48384,MinSurvivorRatio = 7,MaxTenuringThreshold >= 15.0  AND  7.0 <= MinSurvivorRatio < 10.0  AND  NewRatio >= 2.0  AND  TenuredGenerationSizeSupplementDecay >= 8.0,2,0.2439024390243902,1.0,0.1388888888888889,61,7729.430779933929
1,94.81314277806482,48384,MinSurvivorRatio = 1,MinSurvivorRatio < 4.0  AND  0.0 <= TenuredGenerationSizeSupplement_50 < 1.0  AND  2.0 <= NewRatio < 12.0  AND  UseAdaptiveSizePolicyFootprintGoal >= 1.0,4,0.2857142857142857,1.0,0.1666666666666666,62,7056.73664021492
1,443.0456961984361,27648,SurvivorRatio = 11,8.5 <= SurvivorRatio < 13.5  AND  NewRatio >= 2.0,4,0.9090909090909092,1.0,0.8333333333333334,63,4574.318673372269
2,435.2663985363192,48384,UseAdaptiveGCBoundary = 1 AND UseAdaptiveSizeDecayMajorGCCost = 1,UseAdaptiveSizeDecayMajorGCCost >= 1.0  AND  UseAdaptiveGCBoundary >= 1.0  AND  MaxTenuringThreshold < 7.5  AND  MinSurvivorRatio < 10.0  AND  0.0 <= TenuredGenerationSizeSupplement_50 < 0.5,4,0.2857142857142857,1.0,0.1666666666666666,63,9970.811619281769
1,298.61774376846097,32256,NewRatio = 2,MinSurvivorRatio >= 4.0  AND  2.0 <= NewRatio < 3.0  AND  MaxTenuringThreshold >= 7.5,3,0.6666666666666666,1.0,0.5,64,6311.081603765488
2,124.25233724412696,32256,DisableExplicitGC = 1 AND TenuredGenerationSizeSupplement_50 = 1,TenuredGenerationSizeSupplement_50 >= 0.5  AND  TenuredGenerationSizeSupplementDecay >= 8.0  AND  DisableExplicitGC >= 1.0  AND  0.0 <= UseAdaptiveSizeDecayMajorGCCost < 1.0,2,0.4,1.0,0.25,64,8670.088980674744
1,148.9578335790333,32256,NewRatio = 1,NewRatio < 2.0  AND  TenuredGenerationSizeSupplementDecay < 8.0  AND  SurvivorRatio >= 3.5,4,0.6,1.0,0.4285714285714285,65,5833.11868095398
2,344.32681384820626,32256,MaxTenuringThreshold = 15 AND UseAdaptiveSizePolicy = 1,MaxTenuringThreshold >= 15.0  AND  UseAdaptiveSizePolicy >= 1.0  AND  TenuredGenerationSizeSupplementDecay < 16.0  AND  UseAdaptiveGCBoundary >= 1.0  AND  NewRatio >= 2.0  AND  SurvivorRatio < 28.5,2,0.4225352112676056,1.0,0.2678571428571428,65,7987.395557403564
1,62.019655101995454,48384,MinSurvivorRatio = 1,MinSurvivorRatio < 4.0  AND  0.0 <= UseAdaptiveGCBoundary < 1.0  AND  16.0 <= SurvivorRatio < 28.5  AND  NewRatio >= 2.0,3,0.303030303030303,1.0,0.1785714285714285,66,6702.50447511673
2,84.1450193536212,16128,MinSurvivorRatio = 7 AND TenuredGenerationSizeSupplement_50 = 1,7.0 <= MinSurvivorRatio < 10.0  AND  TenuredGenerationSizeSupplement_50 >= 0.5,4,1.0,1.0,1.0,66,8307.353541135788
1,355.70638585515565,27648,SurvivorRatio = 6,3.5 <= SurvivorRatio < 8.5  AND  NewRatio < 32.0,4,0.9090909090909092,1.0,0.8333333333333334,67,4791.347341775894
2,49.7611406939647,48384,UseAdaptiveSizeDecayMajorGCCost = 1 AND UseAdaptiveSizePolicyFootprintGoal = 1,UseAdaptiveSizeDecayMajorGCCost >= 1.0  AND  UseAdaptiveSizePolicyFootprintGoal >= 1.0  AND  UseAdaptiveSizePolicy >= 1.0  AND  0.0 <= TenuredGenerationSizeSupplement_70 < 0.5  AND  4.0 <= MinSurvivorRatio < 10.0,1,0.2857142857142857,1.0,0.1666666666666666,67,9640.995754003525
1,337.38835754028673,48384,MinSurvivorRatio = 10,MinSurvivorRatio >= 10.0  AND  NewRatio >= 8.0  AND  MaxTenuringThreshold >= 7.5  AND  0.0 <= TenuredGenerationSizeSupplement_90 < 0.5,4,0.3636363636363636,1.0,0.2222222222222222,68,7452.226107597351
2,316.8574518489944,16128,NewRatio = 1 AND UseAdaptiveSizeDecayMajorGCCost = 1,NewRatio < 2.0  AND  UseAdaptiveSizeDecayMajorGCCost >= 1.0,2,1.0,1.0,1.0,68,6157.130660295486
1,273.77223994504686,48384,MinSurvivorRatio = 10,MinSurvivorRatio >= 10.0  AND  4.0 <= NewRatio < 32.0  AND  MaxTenuringThreshold >= 10.0  AND  SurvivorRatio >= 13.5,3,0.32,1.0,0.1904761904761904,69,6917.138383388519
1,99.07652120875044,48384,MinSurvivorRatio = 4,4.0 <= MinSurvivorRatio < 7.0  AND  8.5 <= SurvivorRatio < 26.0  AND  TenuredGenerationSizeSupplementDecay >= 8.0  AND  MaxTenuringThreshold >= 7.5,2,0.25,1.0,0.1428571428571428,7,6961.588257789612
2,244.47645584995183,12096,MinSurvivorRatio = 10 AND TenuredGenerationSizeSupplementDecay = 4,MinSurvivorRatio >= 10.0  AND  4.0 <= TenuredGenerationSizeSupplementDecay < 8.0  AND  NewRatio >= 2.0,1,0.9090909090909092,1.0,0.8333333333333334,7,6662.092312097549
1,150.44151895783284,48384,MinSurvivorRatio = 7,7.0 <= MinSurvivorRatio < 10.0  AND  0.0 <= TenuredGenerationSizeSupplement_50 < 0.5  AND  NewRatio >= 12.0,4,0.3636363636363636,1.0,0.2222222222222222,70,6888.718548536301
1,256.5627640151863,48384,MinSurvivorRatio = 10,MinSurvivorRatio >= 10.0  AND  SurvivorRatio < 13.5  AND  TenuredGenerationSizeSupplement_50 >= 0.5,4,0.25,1.0,0.1428571428571428,71,6681.4137098789215
2,252.11599845816417,24192,DisableExplicitGC = 1 AND MinSurvivorRatio = 10,MinSurvivorRatio >= 10.0  AND  NewRatio < 8.0  AND  DisableExplicitGC >= 1.0,3,0.6666666666666666,1.0,0.5,71,7941.727755069733
1,334.3296109533065,32256,NewRatio = 4,4.0 <= NewRatio < 8.0  AND  0.0 <= UseAdaptiveSizePolicyFootprintGoal < 1.0  AND  TenuredGenerationSizeSupplementDecay >= 4.0,4,0.5454545454545454,1.0,0.375,72,6034.480538368225
2,43.89001723368723,16128,MinSurvivorRatio = 10 AND TenuredGenerationSizeSupplement_90 = 1,MinSurvivorRatio >= 10.0  AND  TenuredGenerationSizeSupplement_90 >= 0.5,3,1.0,1.0,1.0,72,8168.079759120941
1,330.3930676597329,48384,MinSurvivorRatio = 7,7.0 <= MinSurvivorRatio < 10.0  AND  UseAdaptiveSizePolicyFootprintGoal >= 1.0  AND  NewRatio >= 3.0  AND  SurvivorRatio >= 8.5,4,0.3846153846153846,1.0,0.238095238095238,73,7082.411045789719
1,268.52462724923527,48384,MinSurvivorRatio = 10,MinSurvivorRatio >= 10.0  AND  NewRatio < 3.0  AND  0.0 <= TenuredGenerationSizeSupplement_70 < 1.0  AND  SurvivorRatio >= 3.5,4,0.32,1.0,0.1904761904761904,74,6678.211738586426
2,348.64245561673056,32256,TenuredGenerationSizeSupplement_90 = 1 AND UseAdaptiveGCBoundary = 1,TenuredGenerationSizeSupplement_90 >= 1.0  AND  UseAdaptiveGCBoundary >= 1.0  AND  6.0 <= SurvivorRatio < 18.5  AND  NewRatio < 32.0,3,0.5263157894736842,1.0,0.3571428571428571,74,8035.037118434906
1,298.0424298800003,27648,SurvivorRatio = 6,3.5 <= SurvivorRatio < 8.5  AND  UseAdaptiveSizePolicyFootprintGoal >= 1.0,3,0.6666666666666666,1.0,0.5,75,4858.654175043106
2,140.04474894140995,48384,UseAdaptiveGCBoundary = 1 AND UseAdaptiveSizePolicyFootprintGoal = 1,UseAdaptiveGCBoundary >= 1.0  AND  UseAdaptiveSizePolicyFootprintGoal >= 1.0  AND  MinSurvivorRatio >= 4.0  AND  SurvivorRatio >= 21.0  AND  0.0 <= UseAdaptiveSizePolicy < 1.0,3,0.2769230769230769,1.0,0.1607142857142857,75,10086.286875963213
1,340.9023946731469,32256,NewRatio = 1,NewRatio < 2.0  AND  TenuredGenerationSizeSupplementDecay < 8.0  AND  MinSurvivorRatio < 10.0,4,0.5454545454545454,1.0,0.375,76,5573.581979513168
2,425.7117709241923,32256,MaxTenuringThreshold = 10 AND UseAdaptiveGCBoundary = 1,7.5 <= MaxTenuringThreshold < 12.5  AND  UseAdaptiveGCBoundary >= 1.0  AND  TenuredGenerationSizeSupplementDecay >= 8.0  AND  MinSurvivorRatio < 10.0  AND  SurvivorRatio >= 3.5,3,0.4864864864864865,1.0,0.3214285714285714,76,8034.449224472046
1,465.6292427512081,48384,MinSurvivorRatio = 1,MinSurvivorRatio < 4.0  AND  TenuredGenerationSizeSupplementDecay < 16.0  AND  4.0 <= NewRatio < 32.0  AND  0.0 <= UseAdaptiveSizeDecayMajorGCCost < 1.0,3,0.3157894736842105,1.0,0.1875,77,6997.084631919861
2,460.4748174014695,13824,DisableExplicitGC = 1 AND SurvivorRatio = 26,23.5 <= SurvivorRatio < 28.5  AND  DisableExplicitGC >= 1.0  AND  0.0 <= TenuredGenerationSizeSupplement_50 < 0.5  AND  NewRatio >= 3.0,1,0.6153846153846153,1.0,0.4444444444444444,77,5383.662473201752
1,184.0758377020128,48384,TenuredGenerationSizeSupplementDecay = 8,8.0 <= TenuredGenerationSizeSupplementDecay < 16.0  AND  0.0 <= TenuredGenerationSizeSupplement_70 < 0.5  AND  SurvivorRatio < 13.5  AND  MaxTenuringThreshold < 12.5,4,0.32,1.0,0.1904761904761904,78,7082.64221405983
2,203.2535797727132,10752,NewRatio = 1 AND TenuredGenerationSizeSupplement_90 = 1,NewRatio < 2.0  AND  TenuredGenerationSizeSupplement_90 >= 0.5,1,1.0,1.0,1.0,78,7138.656494379044
1,372.88214896071065,27648,SurvivorRatio = 21,18.5 <= SurvivorRatio < 23.5  AND  MinSurvivorRatio < 10.0,4,0.8571428571428571,1.0,0.75,79,4819.238171339035
2,43.482705310828,32256,TenuredGenerationSizeSupplement_70 = 1 AND UseAdaptiveSizePolicy = 1,TenuredGenerationSizeSupplement_70 >= 1.0  AND  UseAdaptiveSizePolicy >= 1.0  AND  TenuredGenerationSizeSupplementDecay < 16.0  AND  NewRatio >= 8.0  AND  SurvivorRatio < 28.5,3,0.4864864864864865,1.0,0.3214285714285714,79,8870.918862342834
1,120.69652633963274,48384,MinSurvivorRatio = 4,4.0 <= MinSurvivorRatio < 7.0  AND  0.0 <= TenuredGenerationSizeSupplement_70 < 1.0  AND  UseAdaptiveGCBoundary >= 1.0  AND  TenuredGenerationSizeSupplementDecay < 16.0  AND  NewRatio >= 2.0,4,0.3448275862068966,1.0,0.2083333333333333,8,7635.802714824676
1,326.8267611847464,27648,SurvivorRatio = 11,11.0 <= SurvivorRatio < 13.5  AND  0.0 <= UseAdaptiveSizePolicyFootprintGoal < 1.0,4,0.6666666666666666,1.0,0.5,80,4713.469798564911
2,245.5415091574736,24192,TenuredGenerationSizeSupplementDecay = 4 AND UseAdaptiveGCBoundary = 1,4.0 <= TenuredGenerationSizeSupplementDecay < 8.0  AND  UseAdaptiveGCBoundary >= 1.0  AND  MaxTenuringThreshold >= 7.5,4,0.8,1.0,0.6666666666666666,80,7087.258252859116
1,423.423313189508,48384,TenuredGenerationSizeSupplementDecay = 16,TenuredGenerationSizeSupplementDecay >= 16.0  AND  NewRatio >= 3.0  AND  MaxTenuringThreshold < 10.0  AND  SurvivorRatio >= 3.5,4,0.32,1.0,0.1904761904761904,81,7033.487000226975
2,328.0696634949138,16128,MinSurvivorRatio = 4 AND TenuredGenerationSizeSupplement_70 = 1,4.0 <= MinSurvivorRatio < 7.0  AND  TenuredGenerationSizeSupplement_70 >= 0.5,4,1.0,1.0,1.0,81,7527.967312574387
1,349.5319423672594,48384,TenuredGenerationSizeSupplementDecay = 4,4.0 <= TenuredGenerationSizeSupplementDecay < 8.0  AND  DisableExplicitGC >= 1.0  AND  0.0 <= TenuredGenerationSizeSupplement_90 < 1.0  AND  SurvivorRatio < 28.5  AND  MinSurvivorRatio < 10.0,4,0.3529411764705882,1.0,0.2142857142857142,82,6830.000962257385
1,268.3780547652319,48384,MinSurvivorRatio = 10,MinSurvivorRatio >= 10.0  AND  SurvivorRatio >= 16.0  AND  2.0 <= NewRatio < 12.0  AND  TenuredGenerationSizeSupplementDecay >= 4.0,4,0.3529411764705882,1.0,0.2142857142857142,83,6967.280399084091
1,85.67139075620553,32256,NewRatio = 2,2.0 <= NewRatio < 4.0  AND  UseAdaptiveSizePolicy >= 1.0  AND  SurvivorRatio >= 8.5,3,0.5263157894736842,1.0,0.3571428571428571,84,6008.486876249313
2,418.1236863369321,32256,TenuredGenerationSizeSupplement_90 = 1 AND UseAdaptiveGCBoundary = 1,TenuredGenerationSizeSupplement_90 >= 1.0  AND  UseAdaptiveGCBoundary >= 1.0  AND  SurvivorRatio < 8.5,3,0.4444444444444445,1.0,0.2857142857142857,84,8436.783299922943
1,109.50338294466148,48384,MinSurvivorRatio = 1,MinSurvivorRatio < 4.0  AND  SurvivorRatio < 11.0  AND  0.0 <= TenuredGenerationSizeSupplement_50 < 0.5,3,0.32,1.0,0.1904761904761904,85,6787.109756708145
1,327.28679839081553,27648,SurvivorRatio = 21,18.5 <= SurvivorRatio < 23.5  AND  MaxTenuringThreshold >= 7.5,4,0.8,1.0,0.6666666666666666,86,4684.79790353775
2,65.06614670961969,13824,SurvivorRatio = 26 AND UseAdaptiveSizeDecayMajorGCCost = 1,26.0 <= SurvivorRatio < 31.0  AND  UseAdaptiveSizeDecayMajorGCCost >= 1.0  AND  NewRatio >= 2.0  AND  MinSurvivorRatio < 10.0  AND  TenuredGenerationSizeSupplementDecay >= 4.0,1,0.6382978723404256,1.0,0.46875,86,6361.346510648727
1,392.3694937968782,27648,SurvivorRatio = 16,13.5 <= SurvivorRatio < 18.5,4,1.0,1.0,1.0,87,4699.380305767059
2,256.87298979544806,16128,NewRatio = 1 AND UseAdaptiveGCBoundary = 1,NewRatio < 2.0  AND  UseAdaptiveGCBoundary >= 1.0,2,1.0,1.0,1.0,87,6750.585987567902
1,138.94312774351965,27648,SurvivorRatio = 11,11.0 <= SurvivorRatio < 16.0  AND  NewRatio >= 2.0,4,0.9090909090909092,1.0,0.8333333333333334,88,4737.627309322357
2,352.9042953803633,16128,NewRatio = 32 AND UseAdaptiveSizePolicyFootprintGoal = 1,NewRatio >= 32.0  AND  0.0 <= TenuredGenerationSizeSupplement_70 < 1.0  AND  UseAdaptiveSizePolicyFootprintGoal >= 1.0  AND  TenuredGenerationSizeSupplementDecay >= 4.0,1,0.6666666666666666,1.0,0.5,88,6176.170709609985
1,466.7537229117886,27648,SurvivorRatio = 31,SurvivorRatio >= 28.5  AND  NewRatio >= 3.0,3,0.8,1.0,0.6666666666666666,89,4672.057040691376
2,395.8688989197843,32256,DisableExplicitGC = 1 AND TenuredGenerationSizeSupplement_90 = 1,TenuredGenerationSizeSupplement_90 >= 0.5  AND  DisableExplicitGC >= 1.0  AND  SurvivorRatio >= 18.5  AND  TenuredGenerationSizeSupplementDecay >= 4.0,3,0.4864864864864865,1.0,0.3214285714285714,89,8492.282428979874
1,483.3546827391901,48384,TenuredGenerationSizeSupplementDecay = 2,MaxTenuringThreshold >= 12.5  AND  TenuredGenerationSizeSupplementDecay < 4.0  AND  SurvivorRatio >= 13.5,4,0.32,1.0,0.1904761904761904,9,6856.858063459396
1,287.6466788128535,27648,SurvivorRatio = 21,18.5 <= SurvivorRatio < 23.5,4,1.0,1.0,1.0,90,4872.866705656052
2,87.02419055381293,24192,MinSurvivorRatio = 7 AND UseAdaptiveSizeDecayMajorGCCost = 1,MaxTenuringThreshold >= 10.0  AND  7.0 <= MinSurvivorRatio < 10.0  AND  UseAdaptiveSizeDecayMajorGCCost >= 1.0,3,0.8,1.0,0.6666666666666666,90,7846.554796218872
1,485.05415816574754,32256,NewRatio = 4,3.0 <= NewRatio < 8.0  AND  0.0 <= UseAdaptiveGCBoundary < 1.0,4,0.6666666666666666,1.0,0.5,91,5918.826919794083
2,333.9732218644604,32256,TenuredGenerationSizeSupplement_70 = 1 AND UseAdaptiveSizePolicyFootprintGoal = 1,TenuredGenerationSizeSupplement_70 >= 0.5  AND  UseAdaptiveSizePolicyFootprintGoal >= 1.0  AND  TenuredGenerationSizeSupplementDecay >= 8.0  AND  6.0 <= SurvivorRatio < 28.5  AND  MinSurvivorRatio >= 4.0,3,0.4225352112676056,1.0,0.2678571428571428,91,8227.758180618286
1,191.9655146211809,48384,TenuredGenerationSizeSupplementDecay = 16,0.0 <= TenuredGenerationSizeSupplement_90 < 0.5  AND  TenuredGenerationSizeSupplementDecay >= 16.0  AND  NewRatio >= 12.0  AND  SurvivorRatio < 23.5,2,0.273972602739726,1.0,0.1587301587301587,92,6973.507133245468
2,221.83279231211887,32256,TenuredGenerationSizeSupplement_50 = 1 AND UseAdaptiveSizePolicy = 1,TenuredGenerationSizeSupplement_50 >= 1.0  AND  0.0 <= DisableExplicitGC < 1.0  AND  UseAdaptiveSizePolicy >= 1.0  AND  4.0 <= TenuredGenerationSizeSupplementDecay < 16.0,3,0.4,1.0,0.25,92,7479.340881586075
1,228.6209042961854,48384,MinSurvivorRatio = 10,MinSurvivorRatio >= 10.0  AND  TenuredGenerationSizeSupplementDecay >= 8.0  AND  MaxTenuringThreshold < 12.5  AND  0.0 <= UseAdaptiveSizePolicy < 1.0,4,0.2857142857142857,1.0,0.1666666666666666,93,7014.102557182312
2,419.19100405789817,21504,MaxTenuringThreshold = 10 AND TenuredGenerationSizeSupplement_70 = 1,7.5 <= MaxTenuringThreshold < 15.0  AND  TenuredGenerationSizeSupplement_70 >= 0.5  AND  NewRatio >= 3.0  AND  TenuredGenerationSizeSupplementDecay < 16.0,2,0.6666666666666666,1.0,0.5,93,7206.322767019272
1,236.1572636844774,27648,SurvivorRatio = 16,13.5 <= SurvivorRatio < 18.5,4,1.0,1.0,1.0,94,4670.775828361511
2,218.971535555336,21504,MaxTenuringThreshold = 15 AND TenuredGenerationSizeSupplement_70 = 1,MaxTenuringThreshold >= 15.0  AND  TenuredGenerationSizeSupplement_70 >= 0.5  AND  MinSurvivorRatio >= 7.0,2,0.6666666666666666,1.0,0.5,94,7699.654515504837
1,487.1446111459695,32256,NewRatio = 8,8.0 <= NewRatio < 12.0  AND  0.0 <= UseAdaptiveSizePolicyFootprintGoal < 1.0,4,0.6666666666666666,1.0,0.5,95,5882.4903309345245
1,44.45027557166752,32256,NewRatio = 16,TenuredGenerationSizeSupplementDecay < 16.0  AND  12.0 <= NewRatio < 32.0,4,0.8571428571428571,1.0,0.75,96,6140.063669681549
1,273.37056240556564,48384,MinSurvivorRatio = 10,MinSurvivorRatio >= 10.0  AND  MaxTenuringThreshold < 10.0  AND  TenuredGenerationSizeSupplementDecay >= 4.0  AND  0.0 <= TenuredGenerationSizeSupplement_90 < 0.5,4,0.2857142857142857,1.0,0.1666666666666666,97,7020.960639715195
2,228.8090989064143,16128,NewRatio = 16 AND UseAdaptiveSizeDecayMajorGCCost = 1,12.0 <= NewRatio < 32.0  AND  UseAdaptiveSizeDecayMajorGCCost >= 1.0,2,1.0,1.0,1.0,97,6091.383674621582
1,278.0604647716276,32256,NewRatio = 16,0.0 <= TenuredGenerationSizeSupplement_70 < 1.0  AND  12.0 <= NewRatio < 32.0  AND  0.0 <= UseAdaptiveSizePolicy < 1.0,3,0.5,1.0,0.3333333333333333,98,5709.5399832725525
2,357.8124321263067,48384,UseAdaptiveSizeDecayMajorGCCost = 1 AND UseAdaptiveSizePolicy = 1,UseAdaptiveSizeDecayMajorGCCost >= 1.0  AND  UseAdaptiveSizePolicy >= 1.0  AND  0.0 <= TenuredGenerationSizeSupplement_70 < 1.0  AND  MinSurvivorRatio >= 10.0,3,0.2857142857142857,1.0,0.1666666666666666,98,8953.426285743713
1,51.55955951147104,32256,NewRatio = 2,2.0 <= NewRatio < 3.0  AND  0.0 <= TenuredGenerationSizeSupplement_50 < 0.5  AND  TenuredGenerationSizeSupplementDecay < 16.0  AND  SurvivorRatio >= 8.5,4,0.5263157894736842,1.0,0.3571428571428571,99,5677.978342056274
2,282.0361348355893,16128,TenuredGenerationSizeSupplementDecay = 4 AND TenuredGenerationSizeSupplement_50 = 1,4.0 <= TenuredGenerationSizeSupplementDecay < 8.0  AND  TenuredGenerationSizeSupplement_50 >= 0.5,4,1.0,1.0,1.0,99,7667.118346452713
